{
    "loss": 16.847837448120117,
    "accuracy": 0.5035971403121948
}